ticker,interval,session_date,hourly_volume,daily_volume,ratio,bars_removed,detected_utc
ETHA,60m,2026-08-31,28747989.0,10303067.0,2.7902360530121757,7,1791400323
ETHA,60m,2026-09-01,31907211.0,11104333.0,2.8734018513313675,7,1791400323
ETHA,60m,2026-09-02,23788578.0,8073600.0,2.946464774078478,7,1791400323
ETHA,60m,2026-09-03,41931763.0,14401667.0,2.911590929022314,7,1791400323
ETHA,60m,2026-09-04,31472931.0,11009300.0,2.8587585950060403,7,1791400323
ETHA,60m,2026-09-08,39506433.0,13289533.0,2.9727480265860358,7,1791400323
UUUU,60m,2026-09-08,10603671.0,6453600.0,1.6430629416139828,7,1791400323
ETHA,60m,2026-09-09,37432199.0,12635600.0,2.962439377631454,7,1791400323
CNP,60m,2026-09-10,13220871.0,8735300.0,1.5134993646468924,7,1791400323
ETHA,60m,2026-09-10,32229392.0,11028333.0,2.922417377132156,7,1791400323
ETHA,60m,2026-09-11,95557746.0,32391633.0,2.950074977695629,7,1791400323
AZO,60m,2026-09-14,610519.0,406200.0,1.503000984736583,7,1791400323
ETHA,60m,2026-09-14,35520610.0,12908133.0,2.7518007445383463,7,1791400323
ETHA,60m,2026-09-15,70647490.0,24999267.0,2.825982457805663,7,1791400323
ETHA,60m,2026-09-16,52630605.0,17817933.0,2.953799691580387,7,1791400323
ETHA,60m,2026-09-17,27208494.0,9438967.0,2.8825711542375347,7,1791400323
ETHA,60m,2026-09-18,74339578.0,25869567.0,2.873630548203609,7,1791400323
ETHA,60m,2026-09-21,38560938.0,13557500.0,2.8442513737783512,7,1791400323
BTC,60m,2026-09-22,2461867.0,1441500.0,1.7078508498092264,7,1791400323
ETHA,60m,2026-09-22,33943166.0,11488167.0,2.954619827514694,7,1791400323
GLDM,60m,2026-09-22,5122036.0,3249200.0,1.57639911362797,7,1791400323
ETHA,60m,2026-09-23,37844245.0,13270633.0,2.8517287005073535,7,1791400323
ETHA,60m,2026-09-24,26131214.0,9067867.0,2.8817376787727476,7,1791400323
TMO,60m,2026-09-24,3151431.0,2097800.0,1.502255219754028,7,1791400323
CDE,60m,2026-09-25,51266361.0,32211100.0,1.5915743641167175,7,1791400323
ESTC,60m,2026-09-25,2662142.0,1761500.0,1.5112926483110984,7,1791400323
ETHA,60m,2026-09-25,25632186.0,8674333.0,2.954946045995698,7,1791400323
EVR,60m,2026-09-25,1527996.0,944100.0,1.6184683825865904,7,1791400323
TMO,60m,2026-09-25,3223052.0,2097500.0,1.5366159713945173,7,1791400323
ETHA,60m,2026-09-28,24572502.0,8418267.0,2.91895018297709,7,1791400323
BIO,60m,2026-09-29,401216.0,261700.0,1.5331142529614061,7,1791400323
ETHA,60m,2026-09-29,21403537.0,7289600.0,2.93617441286216,7,1791400323
ETHA,60m,2026-09-30,20318997.0,7324700.0,2.7740381176020863,7,1791400323
ETHA,60m,2026-10-01,18060030.0,6150700.0,2.936256035898353,7,1791400323
ETHA,60m,2026-10-02,37371126.0,13048833.0,2.8639439251004286,7,1791400323
ZTS,60m,2026-10-02,8043012.0,5259300.0,1.5292932519536822,7,1791400323
ET,60m,2026-10-05,6852657.0,473394.0,14.475589044221092,7,1791400323
ETH,60m,2026-10-05,3249804.0,1825500.0,1.780226787181594,7,1791400323
ETHA,60m,2026-10-05,18395535.0,6306200.0,2.9170554375059465,7,1791400323
PGR,60m,2026-10-05,4220086.0,2775000.0,1.5207517117117118,7,1791400323
RCL,60m,2026-10-05,5167544.0,3026100.0,1.7076580417038432,7,1791400323
SOC,60m,2026-10-05,12327358.0,6695800.0,1.8410582753367783,7,1791400323
WBD,60m,2026-10-05,97884103.0,40.0,2447102.575,7,1791400323
AEO,60m,2026-10-06,7580140.0,5003600.0,1.514937245183468,7,1791400323
APO,60m,2026-10-06,4290792.0,2706300.0,1.5854827624431882,7,1791400323
AUB,60m,2026-10-06,1380602.0,909100.0,1.5186470135298646,7,1791400323
ET,60m,2026-10-06,7594842.0,235380.0,32.26630130002549,7,1791400323
ETH,60m,2026-10-06,2904982.0,1463000.0,1.9856336295283663,7,1791400323
PGR,60m,2026-10-06,3883183.0,2407000.0,1.6132874948068134,7,1791400323
RCL,60m,2026-10-06,4749084.0,2357200.0,2.014714067537757,7,1791400323
SOC,60m,2026-10-06,10344940.0,5702400.0,1.8141379068462402,7,1791400323
AA,60m,2026-10-07,4229067.0,1981204.0,2.134594418343593,6,1791400323
AAP,60m,2026-10-07,1268873.0,662180.0,1.9162055634419644,6,1791400323
AAPL,60m,2026-10-07,67321944.0,20667049.0,3.257453156471444,6,1791400323
ACA,60m,2026-10-07,452981.0,178144.0,2.5427799982037005,6,1791400323
ACI,60m,2026-10-07,11093715.0,5102218.0,2.174292631165505,6,1791400323
ACN,60m,2026-10-07,6080861.0,2840790.0,2.1405528039735424,6,1791400323
ADC,60m,2026-10-07,1096480.0,629708.0,1.7412515006955605,6,1791400323
ADI,60m,2026-10-07,2003867.0,1119302.0,1.7902826940361047,6,1791400323
ADM,60m,2026-10-07,1763965.0,1137644.0,1.5505421731226992,6,1791400323
ADT,60m,2026-10-07,9260856.0,5521968.0,1.6770933840978435,6,1791400323
AEE,60m,2026-10-07,6581582.0,2112435.0,3.115637640921496,6,1791400323
AEO,60m,2026-10-07,2548182.0,1592272.0,1.6003434086638464,6,1791400323
AESI,60m,2026-10-07,1926223.0,1098189.0,1.7539995392414238,6,1791400323
AI,60m,2026-10-07,4486170.0,1907679.0,2.3516377755377085,6,1791400323
AIG,60m,2026-10-07,6618022.0,2957428.0,2.2377626775698345,6,1791400323
AIT,60m,2026-10-07,195507.0,70530.0,2.7719693747341556,6,1791400323
AJG,60m,2026-10-07,1315416.0,571720.0,2.3008045896592737,6,1791400323
AKR,60m,2026-10-07,851323.0,486956.0,1.7482544624154954,6,1791400323
ALB,60m,2026-10-07,1881960.0,1052020.0,1.7889013516853292,6,1791400323
ALK,60m,2026-10-07,3162560.0,1767703.0,1.7890788214988604,6,1791400323
ALLE,60m,2026-10-07,2405036.0,1274366.0,1.887241185028477,6,1791400323
ALLY,60m,2026-10-07,4210609.0,1836235.0,2.293066519263602,6,1791400323
ALSN,60m,2026-10-07,918362.0,383101.0,2.3971798559648763,6,1791400323
AM,60m,2026-10-07,3409023.0,1092446.0,3.120541427219286,6,1791400323
AMD,60m,2026-10-07,40122113.0,14256967.0,2.8142109748868744,6,1791400323
AMP,60m,2026-10-07,774409.0,251451.0,3.0797610667684756,6,1791400323
AMT,60m,2026-10-07,2691424.0,1228271.0,2.191229785609202,6,1791400323
AMZN,60m,2026-10-07,44374538.0,23822681.0,1.8627012635563562,6,1791400323
ANF,60m,2026-10-07,956861.0,590552.0,1.6202823798750998,6,1791400323
AON,60m,2026-10-07,1857586.0,797366.0,2.3296528821143614,6,1791400323
AOS,60m,2026-10-07,1747998.0,779896.0,2.241321919845723,6,1791400323
APG,60m,2026-10-07,2181358.0,1386442.0,1.5733496244343435,6,1791400323
APLE,60m,2026-10-07,3008119.0,1354508.0,2.2208204012084094,6,1791400323
APO,60m,2026-10-07,3498896.0,1496571.0,2.337941868444598,6,1791400323
APTV,60m,2026-10-07,2636441.0,1076758.0,2.448499105648623,6,1791400323
AR,60m,2026-10-07,4924734.0,2743542.0,1.7950277415107916,6,1791400323
ARCC,60m,2026-10-07,7229052.0,4533187.0,1.594695299355619,6,1791400323
ARES,60m,2026-10-07,1997534.0,840717.0,2.375988590691041,6,1791400323
ARR,60m,2026-10-07,5689370.0,3778716.0,1.505635776808842,6,1791400323
ARW,60m,2026-10-07,489719.0,243369.0,2.012248889546327,6,1791400323
ASB,60m,2026-10-07,1600002.0,880094.0,1.8179898965337793,6,1791400323
ATI,60m,2026-10-07,1358283.0,779735.0,1.7419802881748285,6,1791400323
ATKR,60m,2026-10-07,1555325.0,587583.0,2.646987744710109,6,1791400323
ATMU,60m,2026-10-07,431246.0,254123.0,1.696997123440224,6,1791400323
AUB,60m,2026-10-07,1159012.0,610679.0,1.8979070837543128,6,1791400323
AVA,60m,2026-10-07,807499.0,361481.0,2.23386291395675,6,1791400323
AVNT,60m,2026-10-07,503454.0,246444.0,2.0428738374640893,6,1791400323
AVTR,60m,2026-10-07,6653814.0,4108219.0,1.619634688413641,6,1791400323
AWK,60m,2026-10-07,1990445.0,1163564.0,1.7106450526142094,6,1791400323
AYI,60m,2026-10-07,437851.0,222261.0,1.9699857374888081,6,1791400323
AZO,60m,2026-10-07,136180.0,64807.0,2.1013162158408814,6,1791400323
BA,60m,2026-10-07,10133340.0,4388422.0,2.3091079207970426,6,1791400323
BAH,60m,2026-10-07,1892716.0,1182559.0,1.6005256397355228,6,1791400323
BAM,60m,2026-10-07,4161825.0,2075393.0,2.0053189925956194,6,1791400323
BANC,60m,2026-10-07,1330841.0,862573.0,1.5428734727379596,6,1791400323
BAX,60m,2026-10-07,3817208.0,2518676.0,1.5155613504873195,6,1791400323
BC,60m,2026-10-07,577267.0,326551.0,1.76776981237234,6,1791400323
BILL,60m,2026-10-07,746579.0,482137.0,1.54847895929995,6,1791400323
BIO,60m,2026-10-07,243435.0,142432.0,1.7091313749719164,6,1791400323
BITB,60m,2026-10-07,1974765.0,789752.0,2.500487494808497,6,1791400323
BJ,60m,2026-10-07,1317687.0,873879.0,1.5078597837915775,6,1791400323
BKH,60m,2026-10-07,7563271.0,3082939.0,2.453266509651991,6,1791400323
BKU,60m,2026-10-07,800336.0,521178.0,1.5356289022176683,6,1791400323
BMI,60m,2026-10-07,354651.0,235160.0,1.5081263820377615,6,1791400323
BOX,60m,2026-10-07,2054867.0,1192357.0,1.723365569204525,6,1791400323
BR,60m,2026-10-07,764301.0,277425.0,2.754982427683158,6,1791400323
BRBR,60m,2026-10-07,3472503.0,1897278.0,1.8302552393481608,6,1791400323
BRK-B,60m,2026-10-07,3049003.0,1696594.0,1.797131782854354,6,1791400323
BRKR,60m,2026-10-07,3589736.0,2007566.0,1.788103604065819,6,1791400323
BRO,60m,2026-10-07,3159562.0,1343215.0,2.3522384726197965,6,1791400323
BRX,60m,2026-10-07,3523438.0,1250103.0,2.818518154104102,6,1791400323
BTC,60m,2026-10-07,2304024.0,1338752.0,1.721023759441629,6,1791400323
BTU,60m,2026-10-07,3628370.0,680924.0,5.32859761148087,6,1791400323
BURL,60m,2026-10-07,1257868.0,577462.0,2.1782697389611783,6,1791400323
BWA,60m,2026-10-07,1784536.0,1072697.0,1.6635974557587092,6,1791400323
BWXT,60m,2026-10-07,1516743.0,950116.0,1.5963766529560601,6,1791400323
BXMT,60m,2026-10-07,3762655.0,2191973.0,1.7165608335504132,6,1791400323
BYD,60m,2026-10-07,1012211.0,618098.0,1.6376221893615575,6,1791400323
CABO,60m,2026-10-07,1044757.0,436649.0,2.3926700851255815,6,1791400323
CAG,60m,2026-10-07,25393494.0,9475673.0,2.679861789236501,6,1791400323
CAH,60m,2026-10-07,958995.0,480205.0,1.9970533418019387,6,1791400323
CALY,60m,2026-10-07,1766098.0,899146.0,1.9641949138404664,6,1791400323
CARR,60m,2026-10-07,3588760.0,2092666.0,1.7149224959931495,6,1791400323
CC,60m,2026-10-07,2486058.0,1096829.0,2.2665866785068594,6,1791400323
CCI,60m,2026-10-07,2958119.0,1886375.0,1.5681500231926313,6,1791400323
CDE,60m,2026-10-07,61972594.0,40537646.0,1.528766470554309,6,1791400323
CE,60m,2026-10-07,940235.0,535401.0,1.756132319513785,6,1791400323
CFR,60m,2026-10-07,471268.0,202131.0,2.331497889982239,6,1791400323
CHWY,60m,2026-10-07,11474056.0,3742943.0,3.065517161228477,6,1791400323
CLF,60m,2026-10-07,10873827.0,6494968.0,1.6741925441357064,6,1791400323
CLH,60m,2026-10-07,563485.0,192776.0,2.923003900900527,6,1791400323
CMI,60m,2026-10-07,1767046.0,701797.0,2.5178876512723765,6,1791400323
CMS,60m,2026-10-07,3629873.0,2092386.0,1.7348008445860372,6,1791400323
CNO,60m,2026-10-07,432457.0,249889.0,1.730596384794849,6,1791400323
CNX,60m,2026-10-07,1629540.0,823318.0,1.97923524081825,6,1791400323
COHR,60m,2026-10-07,7654595.0,4431897.0,1.727159949791252,6,1791400323
COIN,60m,2026-10-07,8288187.0,5142088.0,1.6118329752427418,6,1791400323
COLD,60m,2026-10-07,2302394.0,1275757.0,1.8047277028462316,6,1791400323
COMP,60m,2026-10-07,20684831.0,11652024.0,1.775213559464004,6,1791400323
COP,60m,2026-10-07,5140753.0,2649688.0,1.9401352159197611,6,1791400323
COST,60m,2026-10-07,2672350.0,1149765.0,2.324257565676464,6,1791400323
CP,60m,2026-10-07,5428508.0,1442914.0,3.7621840248275364,6,1791400323
CPRI,60m,2026-10-07,1378570.0,821710.0,1.677684341190931,6,1791400323
CRBG,60m,2026-10-07,8533925.0,2569053.0,3.3218174167679684,6,1791400323
CRC,60m,2026-10-07,444825.0,235843.0,1.8861064352132564,6,1791400323
CRGY,60m,2026-10-07,4714438.0,2703494.0,1.7438315010131333,6,1791400323
CRK,60m,2026-10-07,3876785.0,1138231.0,3.4059738313224646,6,1791400323
CRL,60m,2026-10-07,1215021.0,715046.0,1.6992207494343021,6,1791400323
CSL,60m,2026-10-07,471649.0,255555.0,1.845587055624034,6,1791400323
CTVA,60m,2026-10-07,44420986.0,23195711.0,1.915051709344025,6,1791400323
CVI,60m,2026-10-07,741434.0,336054.0,2.2062942265231182,6,1791400323
CVS,60m,2026-10-07,7769261.0,4918908.0,1.5794686544249252,6,1791400323
CVX,60m,2026-10-07,5701420.0,3629102.0,1.5710277638931063,6,1791400323
D,60m,2026-10-07,3623413.0,2290108.0,1.5822018000897775,6,1791400323
DAL,60m,2026-10-07,5680954.0,3740051.0,1.5189509447865819,6,1791400323
DAN,60m,2026-10-07,793310.0,334571.0,2.3711260091281074,6,1791400323
DAR,60m,2026-10-07,1612022.0,619024.0,2.6041348962237327,6,1791400323
DBC,60m,2026-10-07,820660.0,322162.0,2.547351953365077,6,1791400323
DDS,60m,2026-10-07,302836.0,146835.0,2.062423809037355,6,1791400323
DELL,60m,2026-10-07,7149754.0,3198056.0,2.235656286193863,6,1791400323
DHI,60m,2026-10-07,3577407.0,2226007.0,1.6070960244060328,6,1791400323
DHR,60m,2026-10-07,3670835.0,2439359.0,1.5048359015626647,6,1791400323
DIS,60m,2026-10-07,13013030.0,4588896.0,2.835764854989087,6,1791400323
DKS,60m,2026-10-07,2505163.0,1332621.0,1.8798765740596914,6,1791400323
DRI,60m,2026-10-07,950453.0,604550.0,1.5721660739392938,6,1791400323
DV,60m,2026-10-07,1284606.0,532958.0,2.410332521512014,6,1791400323
DVN,60m,2026-10-07,6227593.0,3544260.0,1.7570925947870641,6,1791400323
DXC,60m,2026-10-07,3318016.0,1938569.0,1.711580036614637,6,1791400323
ELAN,60m,2026-10-07,3269843.0,1854695.0,1.763008473091263,6,1791400323
ELF,60m,2026-10-07,1385260.0,763709.0,1.813858419895536,6,1791400323
ELS,60m,2026-10-07,1208073.0,702046.0,1.720788951151349,6,1791400323
EMN,60m,2026-10-07,1547219.0,996888.0,1.5520489764146022,6,1791400323
EPD,60m,2026-10-07,3787589.0,1192590.0,3.1759355688040314,6,1791400323
EQT,60m,2026-10-07,4748328.0,2903843.0,1.635187577289819,6,1791400323
ESI,60m,2026-10-07,2305609.0,1251627.0,1.8420895362596046,6,1791400323
ESNT,60m,2026-10-07,618807.0,318257.0,1.9443625749001594,6,1791400323
ETH,60m,2026-10-07,3950368.0,2499083.0,1.5807270106675129,6,1791400323
ETHE,60m,2026-10-07,6493112.0,2949204.0,2.2016489873199685,6,1791400323
EVH,60m,2026-10-07,5423792.0,1882513.0,2.881144512680656,6,1791400323
EW,60m,2026-10-07,2493062.0,1660890.0,1.5010398039605273,6,1791400323
EXPD,60m,2026-10-07,690927.0,406107.0,1.7013422570898802,6,1791400323
FBP,60m,2026-10-07,1448073.0,619135.0,2.3388647064049035,6,1791400323
FLO,60m,2026-10-07,12399549.0,6822824.0,1.8173631622331163,6,1791400323
FSK,60m,2026-10-07,2567361.0,1603970.0,1.600629064134616,6,1791400323
FSS,60m,2026-10-07,963373.0,538950.0,1.7874997680675386,6,1791400323
FUBO,60m,2026-10-07,1244213.0,648539.0,1.9184860124063472,6,1791400323
G,60m,2026-10-07,1203647.0,720896.0,1.6696541526100852,6,1791400323
GATX,60m,2026-10-07,149311.0,98651.0,1.5135274857832155,6,1791400323
GBCI,60m,2026-10-07,1300747.0,657393.0,1.978644433390681,6,1791400323
GBTC,60m,2026-10-07,3479113.0,1851561.0,1.8790161382746775,6,1791400323
GEO,60m,2026-10-07,4317782.0,1561213.0,2.765658497591296,6,1791400323
GL,60m,2026-10-07,440085.0,276234.0,1.5931601468320338,6,1791400323
GLD,60m,2026-10-07,15405203.0,5518555.0,2.7915283982854207,6,1791400323
GLW,60m,2026-10-07,14265830.0,3732454.0,3.8221047064478224,6,1791400323
GM,60m,2026-10-07,9147988.0,3821417.0,2.393873267429333,6,1791400323
GME,60m,2026-10-07,16065310.0,6171602.0,2.6031020794924884,6,1791400323
GMED,60m,2026-10-07,1860751.0,1090795.0,1.7058668219051243,6,1791400323
GNW,60m,2026-10-07,2869716.0,1649850.0,1.7393799436312392,6,1791400323
GOOGL,60m,2026-10-07,66775726.0,12740701.0,5.241134377142984,6,1791400323
GPK,60m,2026-10-07,8801179.0,3545416.0,2.482410808773921,6,1791400323
GXO,60m,2026-10-07,955380.0,439488.0,2.173847750109218,6,1791400323
HAL,60m,2026-10-07,9121276.0,5324403.0,1.7131077418444847,6,1791400323
HIW,60m,2026-10-07,976916.0,426197.0,2.292170052815951,6,1791400323
HLI,60m,2026-10-07,1079044.0,539874.0,1.9986959920277694,6,1791400323
HOG,60m,2026-10-07,1562596.0,988810.0,1.580279325654069,6,1791400323
HOOD,60m,2026-10-07,26787381.0,15050533.0,1.779829392088639,6,1791400323
HP,60m,2026-10-07,1650503.0,685750.0,2.406858184469559,6,1791400323
HPQ,60m,2026-10-07,12307404.0,6502440.0,1.8927362651558493,6,1791400323
HRB,60m,2026-10-07,1701893.0,763260.0,2.229768362026046,6,1791400323
HRL,60m,2026-10-07,8503728.0,3516962.0,2.4179186468321237,6,1791400323
HXL,60m,2026-10-07,380362.0,252440.0,1.5067421961654255,6,1791400323
IAUM,60m,2026-10-07,4220867.0,1622714.0,2.601115785036673,6,1791400323
IBM,60m,2026-10-07,4081248.0,2303785.0,1.7715403130066392,6,1791400323
INVH,60m,2026-10-07,9194664.0,4942215.0,1.860433833817428,6,1791400323
IONQ,60m,2026-10-07,26959609.0,13446690.0,2.0049253013195067,6,1791400323
IOT,60m,2026-10-07,3636450.0,2150623.0,1.6908821304338324,6,1791400323
IQV,60m,2026-10-07,1298085.0,733660.0,1.7693277540004906,6,1791400323
IRM,60m,2026-10-07,891825.0,556462.0,1.6026700834917749,6,1791400323
IRT,60m,2026-10-07,2154602.0,1109444.0,1.9420556603127332,6,1791400323
ISRG,60m,2026-10-07,1999241.0,1156433.0,1.7287996797047473,6,1791400323
JNJ,60m,2026-10-07,7543272.0,2815249.0,2.679433328987951,6,1791400323
KAI,60m,2026-10-07,121620.0,78605.0,1.547229819986006,6,1791400323
KD,60m,2026-10-07,4151949.0,2146684.0,1.9341221157841582,6,1791400323
KKR,60m,2026-10-07,3716322.0,2392882.0,1.5530736576228998,6,1791400323
KMI,60m,2026-10-07,8516450.0,4692656.0,1.8148464323828553,6,1791400323
KMPR,60m,2026-10-07,481344.0,305914.0,1.5734618226037382,6,1791400323
KO,60m,2026-10-07,34479902.0,7501349.0,4.596493510700542,6,1791400323
KR,60m,2026-10-07,11048155.0,6200451.0,1.7818308700447758,6,1791400323
KSS,60m,2026-10-07,7053602.0,3210097.0,2.1973174019352064,6,1791400323
KVUE,60m,2026-10-07,15564864.0,9136030.0,1.703679169179611,6,1791400323
LAD,60m,2026-10-07,314599.0,155437.0,2.0239646930910915,6,1791400323
LBRT,60m,2026-10-07,2727043.0,1725209.0,1.5807029756974373,6,1791400323
LNC,60m,2026-10-07,3581126.0,2172703.0,1.6482354007887872,6,1791400323
LOW,60m,2026-10-07,2436271.0,1381812.0,1.7630987428101652,6,1791400323
LPX,60m,2026-10-07,939515.0,572210.0,1.6419059436220969,6,1791400323
M,60m,2026-10-07,12691195.0,7599911.0,1.6699136345149306,6,1791400323
MC,60m,2026-10-07,1159628.0,763112.0,1.5196039375609347,6,1791400323
MCY,60m,2026-10-07,233765.0,130981.0,1.7847245020270115,6,1791400323
MET,60m,2026-10-07,2791172.0,1199942.0,2.3260890943062247,6,1791400323
META,60m,2026-10-07,24424465.0,9137212.0,2.6730763169334364,6,1791400323
MGM,60m,2026-10-07,5301984.0,3059948.0,1.7327039544462848,6,1791400323
MGY,60m,2026-10-07,3550392.0,2119214.0,1.6753343456583432,6,1791400323
MLM,60m,2026-10-07,567144.0,339034.0,1.6728233746467907,6,1791400323
MOG-A,60m,2026-10-07,328084.0,212986.0,1.5404017165447494,6,1791400323
MOS,60m,2026-10-07,15541724.0,6956759.0,2.234046630047124,6,1791400323
MPLX,60m,2026-10-07,2527696.0,668705.0,3.7799866906932054,6,1791400323
MRVL,60m,2026-10-07,46437043.0,18372448.0,2.527537048955044,6,1791400323
MSI,60m,2026-10-07,549794.0,340234.0,1.615929037074484,6,1791400323
MTB,60m,2026-10-07,874427.0,495282.0,1.7655133842942001,6,1791400323
MTDR,60m,2026-10-07,1412258.0,743838.0,1.8986096434976434,6,1791400323
MTG,60m,2026-10-07,1621263.0,956771.0,1.6945151974714954,6,1791400323
MU,60m,2026-10-07,41479595.0,25480249.0,1.6279116817108028,6,1791400323
MUSA,60m,2026-10-07,119094.0,60993.0,1.952584722837047,6,1791400323
MWA,60m,2026-10-07,1973289.0,724790.0,2.722566536514025,6,1791400323
NEE,60m,2026-10-07,9137424.0,5972667.0,1.529873337991219,6,1791400323
NET,60m,2026-10-07,2527939.0,1486214.0,1.7009253041621193,6,1791400323
NOG,60m,2026-10-07,1629286.0,787191.0,2.069746732368637,6,1791400323
NPO,60m,2026-10-07,152478.0,94024.0,1.621692333872203,6,1791400323
NSC,60m,2026-10-07,575646.0,304492.0,1.8905127228301564,6,1791400323
NVDA,60m,2026-10-07,459894173.0,55870062.0,8.231495662202773,6,1791400323
NVR,60m,2026-10-07,48721.0,29717.0,1.6394992765083958,6,1791400323
OGS,60m,2026-10-07,426426.0,268801.0,1.5864003482129903,6,1791400323
OHI,60m,2026-10-07,1495622.0,886504.0,1.687101242633987,6,1791400323
OKE,60m,2026-10-07,2454787.0,1608854.0,1.5257984876191375,6,1791400323
OLN,60m,2026-10-07,3790094.0,2093993.0,1.8099840830413474,6,1791400323
ORCL,60m,2026-10-07,20613469.0,9960142.0,2.069595895319565,6,1791400323
OUT,60m,2026-10-07,1113971.0,704182.0,1.5819362039927178,6,1791400323
OWL,60m,2026-10-07,20408493.0,12641107.0,1.6144545726889268,6,1791400323
P,60m,2026-10-07,5248709.0,3271324.0,1.604460151302653,6,1791400323
PAG,60m,2026-10-07,842515.0,502965.0,1.6750966767071267,6,1791400323
PBI,60m,2026-10-07,1278524.0,611153.0,2.0919867856330576,6,1791400323
PD,60m,2026-10-07,3021737.0,1738360.0,1.7382688280908443,6,1791400323
PEB,60m,2026-10-07,3798321.0,1729212.0,2.1965617865247293,6,1791400323
PEG,60m,2026-10-07,6831877.0,3192840.0,2.1397492514501195,6,1791400323
PFGC,60m,2026-10-07,1184754.0,633302.0,1.8707567637556806,6,1791400323
PFSI,60m,2026-10-07,629457.0,338514.0,1.8594711001612931,6,1791400323
PG,60m,2026-10-07,8558077.0,5223847.0,1.6382709907085717,6,1791400323
PINS,60m,2026-10-07,13505410.0,4387669.0,3.078037563909219,6,1791400323
PJT,60m,2026-10-07,873031.0,470062.0,1.857267764677851,6,1791400323
PKG,60m,2026-10-07,481120.0,261990.0,1.8364059696934998,6,1791400323
PLD,60m,2026-10-07,5388563.0,1734170.0,3.107286482870768,6,1791400323
PNC,60m,2026-10-07,1676513.0,1104702.0,1.5176156103637,6,1791400323
PNW,60m,2026-10-07,1337467.0,787828.0,1.6976637032448707,6,1791400323
POST,60m,2026-10-07,516667.0,336213.0,1.5367252307317087,6,1791400323
PPG,60m,2026-10-07,2981144.0,1206726.0,2.4704398513001293,6,1791400323
PPL,60m,2026-10-07,5870416.0,2684634.0,2.1866727457076087,6,1791400323
PPLT,60m,2026-10-07,4682479.0,2464017.0,1.9003436258759578,6,1791400323
PRGO,60m,2026-10-07,1873637.0,1092874.0,1.7144126404324744,6,1791400323
PRKS,60m,2026-10-07,700866.0,340149.0,2.060467618602436,6,1791400323
QQQ,60m,2026-10-07,228296796.0,18874559.0,12.095477091676685,6,1791400323
QXO,60m,2026-10-07,98878183.0,37695191.0,2.623098076356743,6,1791400323
RBA,60m,2026-10-07,1135730.0,667094.0,1.7025036951314207,6,1791400323
RCL,60m,2026-10-07,3430090.0,1381692.0,2.482528667749397,6,1791400323
RDDT,60m,2026-10-07,3454821.0,1784645.0,1.9358589523406615,6,1791400323
RDW,60m,2026-10-07,31487769.0,11126576.0,2.8299603579753554,6,1791400323
REZI,60m,2026-10-07,4224049.0,2135337.0,1.9781650390547254,6,1791400323
RGA,60m,2026-10-07,604983.0,333301.0,1.8151250671315118,6,1791400323
RHI,60m,2026-10-07,1767754.0,805295.0,2.1951632631520126,6,1791400323
RHP,60m,2026-10-07,385245.0,208602.0,1.8467943739753214,6,1791400323
RL,60m,2026-10-07,393469.0,229764.0,1.7124919482599537,6,1791400323
RLI,60m,2026-10-07,1198992.0,624160.0,1.9209689823122276,6,1791400323
ROK,60m,2026-10-07,907927.0,348778.0,2.6031659106939085,6,1791400323
RRC,60m,2026-10-07,3314837.0,1396264.0,2.37407610595131,6,1791400323
RRX,60m,2026-10-07,968822.0,621226.0,1.5595322797178484,6,1791400323
RXO,60m,2026-10-07,5646074.0,2814556.0,2.0060265278075833,6,1791400323
RYAN,60m,2026-10-07,1961183.0,1139823.0,1.7206031111848068,6,1791400323
S,60m,2026-10-07,8785526.0,5404003.0,1.6257441011783302,6,1791400323
SAM,60m,2026-10-07,181676.0,109851.0,1.653840201727795,5,1791400323
SCHW,60m,2026-10-07,9501109.0,4387342.0,2.165572914078729,6,1791400323
SCI,60m,2026-10-07,2179964.0,612345.0,3.5600258024479663,6,1791400323
SEI,60m,2026-10-07,2105154.0,1095277.0,1.9220288566271364,6,1791400323
SF,60m,2026-10-07,967095.0,512684.0,1.8863373930140204,6,1791400323
SGOL,60m,2026-10-07,4694843.0,2461530.0,1.9072865250474298,6,1791400323
SHO,60m,2026-10-07,969459.0,623952.0,1.5537397107469806,6,1791400323
SHW,60m,2026-10-07,2558374.0,943237.0,2.7123342277709632,6,1791400323
SJM,60m,2026-10-07,790667.0,373798.0,2.115225335609072,6,1791400323
SKT,60m,2026-10-07,449939.0,260328.0,1.7283542300482468,6,1791400323
SKY,60m,2026-10-07,1155120.0,486758.0,2.37308888605837,6,1791400323
SLG,60m,2026-10-07,749531.0,377458.0,1.9857335120728663,6,1791400323
SLV,60m,2026-10-07,65213712.0,17439640.0,3.7393955379812884,6,1791400323
SNOW,60m,2026-10-07,4778393.0,1554102.0,3.074697156299908,6,1791400323
SNX,60m,2026-10-07,491685.0,268213.0,1.8331885479078196,6,1791400323
SO,60m,2026-10-07,8856294.0,3183978.0,2.781518590894786,6,1791400323
SOC,60m,2026-10-07,9375354.0,3553514.0,2.6383332104502752,6,1791400323
SON,60m,2026-10-07,672766.0,428231.0,1.5710352590074048,6,1791400323
SPGI,60m,2026-10-07,1187491.0,741500.0,1.6014713418745785,6,1791400323
SPHR,60m,2026-10-07,3629560.0,1316357.0,2.7572763315726663,6,1791400323
SPXC,60m,2026-10-07,472227.0,295493.0,1.598098770529251,6,1791400323
SPY,60m,2026-10-07,93377033.0,20247036.0,4.611886549715227,6,1791400323
SRE,60m,2026-10-07,1999956.0,1152822.0,1.7348350395811323,6,1791400323
SSB,60m,2026-10-07,1807261.0,652020.0,2.771787675224686,6,1791400323
ST,60m,2026-10-07,778455.0,468297.0,1.662310456825476,6,1791400323
STT,60m,2026-10-07,1843817.0,722009.0,2.553731324678778,6,1791400323
STWD,60m,2026-10-07,7888615.0,5136346.0,1.5358418221825398,6,1791400323
SW,60m,2026-10-07,4090443.0,2262067.0,1.808276677923333,6,1791400323
SWX,60m,2026-10-07,520667.0,223075.0,2.3340446038327918,6,1791400323
SYF,60m,2026-10-07,2505063.0,1178332.0,2.12593988790935,6,1791400323
SYK,60m,2026-10-07,2192044.0,1188554.0,1.844294832207876,6,1791400323
TAP,60m,2026-10-07,5850269.0,2076538.0,2.8173185369109546,6,1791400323
TDG,60m,2026-10-07,397521.0,220480.0,1.802979862119013,6,1791400323
TDOC,60m,2026-10-07,3283659.0,2109645.0,1.5564983682088693,6,1791400323
TDS,60m,2026-10-07,1413929.0,887237.0,1.5936316902924472,6,1791400323
TDW,60m,2026-10-07,503344.0,313064.0,1.6077990442848746,6,1791400323
TDY,60m,2026-10-07,256352.0,137330.0,1.866686084613704,6,1791400323
TEL,60m,2026-10-07,1626703.0,762570.0,2.1331851502157178,6,1791400323
TEVA,60m,2026-10-07,3082052.0,1851508.0,1.6646171661154043,6,1791400323
TGT,60m,2026-10-07,2963555.0,1850896.0,1.6011461475955429,6,1791400323
TMO,60m,2026-10-07,2051331.0,1093180.0,1.876480543002982,6,1791400323
TNET,60m,2026-10-07,246569.0,142743.0,1.7273631631673707,6,1791400323
TOL,60m,2026-10-07,1238110.0,685150.0,1.8070641465372546,6,1791400323
TOST,60m,2026-10-07,11360625.0,4911970.0,2.312844948157257,6,1791400323
TREX,60m,2026-10-07,1495224.0,720249.0,2.075982056205562,6,1791400323
TRGP,60m,2026-10-07,733542.0,462804.0,1.584994943863925,6,1791400323
TRNO,60m,2026-10-07,446672.0,253715.0,1.7605265750941017,6,1791400323
TRU,60m,2026-10-07,2806775.0,1329626.0,2.110950748556361,6,1791400323
TRV,60m,2026-10-07,902517.0,506688.0,1.7812085543766578,6,1791400323
TSLA,60m,2026-10-07,38010088.0,20206350.0,1.8810961900590657,6,1791400323
TSN,60m,2026-10-07,2937773.0,1702958.0,1.7251000905483282,6,1791400323
TXNM,60m,2026-10-07,890715.0,421140.0,2.11500926057843,6,1791400323
TXT,60m,2026-10-07,2587739.0,1082444.0,2.3906446892402746,6,1791400323
U,60m,2026-10-07,13844698.0,8832659.0,1.567443959967208,6,1791400323
UEC,60m,2026-10-07,13247508.0,6505584.0,2.0363287907742027,6,1791400323
UGI,60m,2026-10-07,1095970.0,672795.0,1.6289805958724426,6,1791400323
UHS,60m,2026-10-07,437063.0,260664.0,1.676729429457079,6,1791400323
UNG,60m,2026-10-07,71156086.0,31808480.0,2.237016229634362,6,1791400323
UNM,60m,2026-10-07,1684513.0,1088839.0,1.5470726158780133,6,1791400323
USFD,60m,2026-10-07,837627.0,498362.0,1.6807601703179615,6,1791400323
USO,60m,2026-10-07,4881987.0,2587341.0,1.886874207922342,6,1791400323
UUP,60m,2026-10-07,1676293.0,1047917.0,1.5996429106503665,6,1791400323
UUUU,60m,2026-10-07,22490211.0,10172557.0,2.2108709737384613,6,1791400323
V,60m,2026-10-07,5289594.0,2273366.0,2.3267674452771794,6,1791400323
VAL,60m,2026-10-07,991927.0,420535.0,2.3587263842486355,6,1791400323
VEEV,60m,2026-10-07,862162.0,542227.0,1.5900388582641587,6,1791400323
VFC,60m,2026-10-07,7727336.0,3879012.0,1.9920887071243916,6,1791400323
VIAV,60m,2026-10-07,3211533.0,1832950.0,1.7521116233394256,6,1791400323
VIRT,60m,2026-10-07,810774.0,518043.0,1.5650708531917235,6,1791400323
VMRK,60m,2026-10-07,3673802.0,1903622.0,1.929900999253003,6,1791400323
VRT,60m,2026-10-07,6682433.0,4087110.0,1.6350019940740523,6,1791400323
VST,60m,2026-10-07,20124817.0,9630984.0,2.0895909493775506,6,1791400323
VSXY,60m,2026-10-07,857110.0,491006.0,1.7456202164535668,6,1791400323
VTR,60m,2026-10-07,4504583.0,1907212.0,2.3618680041862152,6,1791400323
VVV,60m,2026-10-07,2263479.0,1277194.0,1.772228024873277,6,1791400323
VZ,60m,2026-10-07,14783770.0,8485302.0,1.7422797680035431,6,1791400323
W,60m,2026-10-07,2179986.0,976663.0,2.2320759565991546,6,1791400323
WAL,60m,2026-10-07,1654730.0,805646.0,2.053916980907247,6,1791400323
WEC,60m,2026-10-07,1402202.0,912931.0,1.5359342600919457,6,1791400323
WH,60m,2026-10-07,653110.0,420801.0,1.5520638021297477,6,1791400323
WM,60m,2026-10-07,2116414.0,1270908.0,1.6652771089646143,6,1791400323
WPC,60m,2026-10-07,983713.0,623594.0,1.5774895204251485,6,1791400323
WRB,60m,2026-10-07,2000624.0,1219182.0,1.6409559852425644,6,1791400323
WRBY,60m,2026-10-07,1663180.0,799132.0,2.0812331379546807,6,1791400323
WSM,60m,2026-10-07,835212.0,516015.0,1.6185808552076975,6,1791400323
WST,60m,2026-10-07,280505.0,186153.0,1.5068518906490898,6,1791400323
WTRG,60m,2026-10-07,1901256.0,1110781.0,1.7116389279254867,6,1791400323
WWW,60m,2026-10-07,600805.0,391279.0,1.535490021186928,6,1791400323
WY,60m,2026-10-07,15631474.0,8695447.0,1.79766192583314,6,1791400323
XPO,60m,2026-10-07,1301451.0,735632.0,1.769160395415099,6,1791400323
YELP,60m,2026-10-07,1275838.0,754952.0,1.689959096737276,6,1791400323
YOU,60m,2026-10-07,2549338.0,883701.0,2.884842271311224,6,1791400323
YUM,60m,2026-10-07,1974250.0,1097125.0,1.7994759029281076,6,1791400323
YUMC,60m,2026-10-07,2304037.0,1156845.0,1.9916557533636745,6,1791400323
